"Município,""ibge"",""latitude"",""longitude"",""Saneamento/Esgoto/Tratamento/Índice de esgoto tratado referido à água consumida 1998 (%)"",""Saneamento/Esgoto/Tratamento/Índice de esgoto tratado referido à água consumida 1999 (%)"",""Saneamento/Esgoto/Tratamento/Índice de esgoto tratado referido à água consumida 2000 (%)"",""Saneamento/Esgoto/Tratamento/Índice de esgoto tratado referido à água consumida 2001 (%)"",""Saneamento/Esgoto/Tratamento/Índice de esgoto tratado referido à água consumida 2002 (%)"",""Saneamento/Esgoto/Tratamento/Índice de esgoto tratado referido à água consumida 2003 (%)"",""Saneamento/Esgoto/Tratamento/Índice de esgoto tratado referido à água consumida 2004 (%)"",""Saneamento/Esgoto/Tratamento/Índice de esgoto tratado referido à água consumida 2005 (%)"",""Saneamento/Esgoto/Tratamento/Índice de esgoto tratado referido à água consumida 2006 (%)"",""Saneamento/Esgoto/Tratamento/Índice de esgoto tratado referido à água consumida 2007 (%)"",""Saneamento/Esgoto/Tratamento/Índice de esgoto tratado referido à água consumida 2008 (%)"",""Saneamento/Esgoto/Tratamento/Índice de esgoto tratado referido à água consumida 2009 (%)"",""Saneamento/Esgoto/Tratamento/Índice de esgoto tratado referido à água consumida 2010 (%)"",""Saneamento/Esgoto/Tratamento/Índice de esgoto tratado referido à água consumida 2011 (%)"",""Saneamento/Esgoto/Tratamento/Índice de esgoto tratado referido à água consumida 2012 (%)"",""Saneamento/Esgoto/Tratamento/Índice de esgoto tratado referido à água consumida 2013 (%)"",""Saneamento/Esgoto/Tratamento/Índice de esgoto tratado referido à água consumida 2014 (%)"",""Saneamento/Esgoto/Tratamento/Índice de esgoto tratado referido à água consumida 2015 (%)"",""Saneamento/Esgoto/Tratamento/Índice de esgoto tratado referido à água consumida 2016 (%)"",""Saneamento/Esgoto/Tratamento/Índice de esgoto tratado referido à água consumida 2017 (%)"",""Saneamento/Esgoto/Tratamento/Índice de esgoto tratado referido à água consumida 2018 (%)"",""Saneamento/Esgoto/Tratamento/Índice de esgoto tratado referido à água consumida 2019 (%)"",""Saneamento/Esgoto/Tratamento/Índice de esgoto tratado referido à água consumida 2020 (%)"",""Saneamento/Esgoto/Tratamento/Índice de esgoto tratado referido à água consumida 2021 (%)"",""Saneamento/Esgoto/Tratamento/Índice de esgoto tratado referido à água consumida 2022 (%)"""
"Aceguá,""4300034"",""-31,864015000000"",""-54,164732000000"",""-"",""-"",""-"",""-"",""-"",""-"",""-"",""-"",""-"",""-"",""-"",""-"",""-"",""-"",""-"",""-"",""-"",""-"",""0"",""-"",""0"",""0"",""-"",""-"",""-"""
"Água Santa,""4300059"",""-28,175055000000"",""-52,034633000000"",""-"",""-"",""-"",""-"",""-"",""-"",""-"",""-"",""-"",""-"",""-"",""-"",""0"",""-"",""-"",""-"",""-"",""-"",""-"",""-"",""-"",""-"",""-"",""-"",""-"""
"Ajuricaba,""4300208"",""-28,237729000000"",""-53,772819000000"",""-"",""-"",""-"",""-"",""-"",""-"",""-"",""-"",""-"",""-"",""-"",""-"",""-"",""-"",""-"",""-"",""-"",""-"",""-"",""-"",""-"",""-"",""-"",""0"",""-"""
"Alegrete,""4300406"",""-29,782043000000"",""-55,795870000000"",""-"",""-"",""-"",""-"",""0"",""0"",""0"",""9"",""22"",""20"",""18"",""17"",""21"",""21"",""24"",""8"",""16"",""18"",""19"",""21"",""38"",""31"",""26"",""28"",""28"""
"Alto Feliz,""4300570"",""-29,390139000000"",""-51,315816000000"",""-"",""-"",""-"",""-"",""-"",""-"",""-"",""-"",""-"",""-"",""-"",""-"",""-"",""-"",""0"",""-"",""-"",""-"",""-"",""-"",""-"",""-"",""-"",""-"",""-"""
"Alvorada,""4300604"",""-29,997493000000"",""-51,077729000000"",""-"",""-"",""-"",""-"",""0"",""4"",""5"",""7"",""9"",""10"",""9"",""-12"",""11"",""9"",""10"",""9"",""14"",""16"",""15"",""18"",""14"",""17"",""22"",""23"",""28"""
"Antônio Prado,""4300802"",""-28,855438000000"",""-51,283577000000"",""-"",""-"",""-"",""-"",""-"",""-"",""-"",""-"",""-"",""-"",""-"",""-"",""-"",""-"",""-"",""-"",""-"",""-"",""-"",""-"",""-"",""0"",""-"",""-"",""-"""
"Arroio dos Ratos,""4301107"",""-30,090013000000"",""-51,733807000000"",""-"",""-"",""-"",""-"",""-"",""-"",""-"",""-"",""-"",""-"",""-"",""-"",""-"",""0"",""-"",""-"",""-"",""-"",""-"",""-"",""-"",""-"",""-"",""-"",""-"""
"Arroio Grande,""4301305"",""-32,236344000000"",""-53,082248000000"",""-"",""-"",""-"",""-"",""0"",""0"",""0"",""0"",""0"",""0"",""0"",""0"",""0"",""0"",""0"",""0"",""0"",""0"",""0"",""0"",""0"",""0"",""0"",""0"",""0"""
"Bagé,""4301602"",""-31,330502000000"",""-54,107083000000"",""-"",""0"",""-"",""-"",""0"",""0"",""4"",""4"",""13"",""16"",""17"",""18"",""26"",""18"",""11"",""11"",""17"",""11"",""16"",""21"",""9"",""22"",""21"",""21"",""20"""
"Barão,""4301651"",""-29,380864000000"",""-51,497538000000"",""-"",""-"",""-"",""-"",""-"",""-"",""-"",""-"",""-"",""-"",""-"",""-"",""-"",""-"",""-"",""-"",""-"",""-"",""87"",""-"",""-"",""2"",""2"",""2"",""-"""
"Barra do Quaraí,""4301875"",""-30,211075000000"",""-57,557060000000"",""-"",""-"",""-"",""-"",""-"",""-"",""-"",""-"",""0"",""0"",""0"",""0"",""0"",""0"",""0"",""0"",""0"",""0"",""0"",""0"",""0"",""0"",""0"",""20"",""39"""
"Bento Gonçalves,""4302105"",""-29,167402000000"",""-51,515560000000"",""-"",""-"",""-"",""-"",""-"",""-"",""-"",""-"",""-"",""-"",""-"",""-"",""-"",""-"",""-"",""0"",""0"",""0"",""0"",""0"",""0"",""0"",""0"",""0"",""1"""
"Bom Jesus,""4302303"",""-28,670578000000"",""-50,433349000000"",""-"",""-"",""-"",""-"",""-"",""0"",""0"",""0"",""0"",""0"",""0"",""-"",""-"",""-"",""-"",""0"",""0"",""0"",""0"",""0"",""-"",""-"",""-"",""0"",""0"""
"Braga,""4302600"",""-27,619193000000"",""-53,744329000000"",""-"",""-"",""-"",""-"",""-"",""-"",""-"",""-"",""-"",""-"",""-"",""-"",""-"",""-"",""-"",""-"",""-"",""-"",""-"",""-"",""-"",""-"",""0"",""10"",""12"""
"Butiá,""4302709"",""-30,116144000000"",""-51,961483000000"",""-"",""-"",""-"",""-"",""-"",""-"",""-"",""-"",""-"",""-"",""-"",""0"",""-"",""-"",""-"",""-"",""-"",""-"",""-"",""-"",""-"",""-"",""-"",""-"",""-"""
"Caçapava do Sul,""4302808"",""-30,514743000000"",""-53,487569000000"",""-"",""-"",""-"",""-"",""0"",""0"",""0"",""0"",""0"",""0"",""0"",""0"",""0"",""0"",""0"",""0"",""0"",""0"",""0"",""0"",""0"",""0"",""0"",""0"",""0"""
"Cachoeira do Sul,""4303004"",""-30,045820000000"",""-52,893413000000"",""-"",""-"",""-"",""-"",""38"",""37"",""38"",""38"",""39"",""34"",""34"",""32"",""36"",""35"",""37"",""3"",""14"",""34"",""33"",""33"",""32"",""40"",""44"",""46"",""42"""
"Cachoeirinha,""4303103"",""-29,950629000000"",""-51,093677000000"",""-"",""-"",""-"",""-"",""23"",""48"",""59"",""70"",""70"",""46"",""51"",""51"",""57"",""49"",""57"",""16"",""44"",""100"",""100"",""100"",""100"",""100"",""80"",""100"",""61"""
"Caibaté,""4303301"",""-28,291075000000"",""-54,637887000000"",""-"",""-"",""-"",""-"",""-"",""-"",""-"",""-"",""-"",""-"",""-"",""-"",""-"",""-"",""-"",""-"",""-"",""-"",""-"",""-"",""-"",""-"",""-"",""-"",""0"""
"Camaquã,""4303509"",""-30,850704000000"",""-51,814601000000"",""-"",""-"",""-"",""-"",""-"",""-"",""-"",""-"",""-"",""-"",""-"",""-"",""-"",""-"",""0"",""0"",""-"",""-"",""-"",""-"",""-"",""-"",""-"",""-"",""-"""
"Cambará do Sul,""4303608"",""-29,048175000000"",""-50,143765000000"",""-"",""-"",""-"",""-"",""-"",""-"",""-"",""-"",""-"",""-"",""-"",""-"",""-"",""0"",""0"",""-"",""-"",""-"",""-"",""-"",""-"",""-"",""-"",""-"",""-"""
"Campestre da Serra,""4303673"",""-28,796512000000"",""-51,095664000000"",""-"",""-"",""-"",""-"",""-"",""-"",""-"",""-"",""-"",""-"",""-"",""-"",""-"",""-"",""-"",""-"",""0"",""0"",""0"",""0"",""0"",""0"",""0"",""0"",""0"""
"Campina das Missões,""4303707"",""-27,991690000000"",""-54,845329000000"",""-"",""-"",""-"",""-"",""-"",""-"",""-"",""-"",""-"",""-"",""-"",""-"",""116"",""99"",""101"",""100"",""86"",""93"",""100"",""-"",""100"",""100"",""100"",""100"",""100"""
"Campinas do Sul,""4303806"",""-27,711601000000"",""-52,633104000000"",""-"",""-"",""-"",""-"",""-"",""-"",""-"",""-"",""-"",""-"",""-"",""-"",""-"",""-"",""-"",""-"",""-"",""0"",""-"",""-"",""-"",""-"",""-"",""-"",""-"""
"Campo Bom,""4303905"",""-29,675685000000"",""-51,058870000000"",""-"",""-"",""-"",""-"",""-"",""-"",""-"",""-"",""-"",""-"",""-"",""-"",""0"",""0"",""0"",""0"",""0"",""0"",""0"",""0"",""0"",""0"",""0"",""0"",""0"""
"Candelária,""4304200"",""-29,671285000000"",""-52,789668000000"",""-"",""-"",""-"",""-"",""-"",""-"",""-"",""-"",""-"",""-"",""-"",""0"",""-"",""-"",""0"",""-"",""-"",""-"",""-"",""-"",""-"",""-"",""-"",""-"",""-"""
"Candiota,""4304358"",""-31,561010000000"",""-53,677805000000"",""-"",""-"",""-"",""-"",""-"",""-"",""-"",""-"",""-"",""-"",""-"",""-"",""-"",""90"",""61"",""-"",""-"",""-"",""-"",""0"",""0"",""0"",""0"",""13"",""94"""
"Canela,""4304408"",""-29,357972000000"",""-50,814867000000"",""-"",""-"",""-"",""-"",""-"",""-"",""-"",""-"",""-"",""14"",""17"",""16"",""17"",""15"",""16"",""17"",""10"",""39"",""32"",""39"",""43"",""25"",""26"",""29"",""25"""
"Canguçu,""4304507"",""-31,393860000000"",""-52,676286000000"",""-"",""-"",""-"",""-"",""-"",""-"",""-"",""-"",""-"",""-"",""-"",""49"",""50"",""47"",""48"",""48"",""42"",""42"",""46"",""11"",""12"",""12"",""12"",""12"",""18"""
"Canoas,""4304606"",""-29,918697000000"",""-51,181030000000"",""-"",""-"",""-"",""-"",""3"",""3"",""3"",""5"",""10"",""11"",""12"",""12"",""13"",""12"",""14"",""17"",""18"",""26"",""36"",""37"",""42"",""51"",""45"",""43"",""40"""
"Capão Bonito do Sul,""4304622"",""-28,125975000000"",""-51,395158000000"",""-"",""-"",""-"",""-"",""-"",""-"",""-"",""-"",""-"",""-"",""-"",""-"",""-"",""-"",""-"",""-"",""0"",""0"",""0"",""0"",""0"",""0"",""0"",""0"",""0"""
"Capão da Canoa,""4304630"",""-29,761467000000"",""-50,020022000000"",""-"",""-"",""-"",""-"",""-"",""-"",""61"",""52"",""52"",""53"",""48"",""39"",""49"",""47"",""49"",""31"",""48"",""50"",""54"",""54"",""37"",""67"",""34"",""26"",""31"""
"Capela de Santana,""4304689"",""-29,701945000000"",""-51,321769000000"",""-"",""-"",""-"",""-"",""-"",""-"",""-"",""-"",""-"",""-"",""-"",""-"",""0"",""-"",""-"",""-"",""-"",""-"",""-"",""-"",""-"",""-"",""-"",""-"",""-"""
"Capitão,""4304697"",""-29,269500000000"",""-51,985969000000"",""-"",""-"",""-"",""-"",""-"",""-"",""-"",""-"",""-"",""-"",""-"",""-"",""14"",""13"",""12"",""4"",""4"",""4"",""4"",""4"",""6"",""6"",""10"",""8"",""8"""
"Carlos Barbosa,""4304804"",""-29,298297000000"",""-51,503818000000"",""-"",""-"",""-"",""-"",""-"",""-"",""-"",""-"",""-"",""-"",""-"",""-"",""-"",""0"",""0"",""0"",""0"",""0"",""0"",""0"",""0"",""0"",""0"",""0"",""0"""
"Catuípe,""4305009"",""-28,254234000000"",""-54,012387000000"",""-"",""-"",""-"",""-"",""-"",""-"",""-"",""-"",""-"",""-"",""-"",""-"",""-"",""7"",""7"",""7"",""6"",""6"",""7"",""6"",""6"",""6"",""6"",""6"",""6"""
"Caxias do Sul,""4305108"",""-29,166899000000"",""-51,178860000000"",""0"",""0"",""3"",""3"",""4"",""2"",""3"",""6"",""6"",""11"",""12"",""10"",""10"",""11"",""28"",""27"",""32"",""37"",""38"",""37"",""40"",""47"",""41"",""39"",""39"""
"Centenário,""4305116"",""-27,762847000000"",""-52,002054000000"",""-"",""-"",""-"",""-"",""-"",""-"",""-"",""-"",""-"",""-"",""-"",""-"",""0"",""0"",""-"",""-"",""-"",""-"",""-"",""-"",""-"",""-"",""-"",""-"",""-"""
"Cerrito,""4305124"",""-31,852639000000"",""-52,814802000000"",""-"",""-"",""-"",""-"",""-"",""-"",""-"",""-"",""-"",""-"",""-"",""-"",""-"",""-"",""-"",""-"",""-"",""-"",""-"",""-"",""0"",""-"",""-"",""-"",""-"""
"Cerro Grande,""4305157"",""-27,607980000000"",""-53,165913000000"",""-"",""-"",""-"",""-"",""-"",""-"",""-"",""-"",""-"",""-"",""-"",""-"",""-"",""-"",""-"",""-"",""-"",""-"",""-"",""-"",""-"",""0"",""0"",""0"",""0"""
"Cerro Grande do Sul,""4305173"",""-30,602029000000"",""-51,753103000000"",""-"",""-"",""-"",""-"",""-"",""-"",""-"",""-"",""-"",""-"",""-"",""-"",""-"",""0"",""-"",""-"",""-"",""-"",""-"",""-"",""-"",""-"",""-"",""-"",""-"""
"Cidreira,""4305454"",""-30,181170000000"",""-50,209092000000"",""-"",""-"",""-"",""-"",""-"",""-"",""3"",""3"",""3"",""3"",""4"",""4"",""6"",""4"",""6"",""0"",""0"",""21"",""24"",""22"",""22"",""30"",""25"",""35"",""24"""
"Coronel Pilar,""4305934"",""-29,272710000000"",""-51,684935000000"",""-"",""-"",""-"",""-"",""-"",""-"",""-"",""-"",""-"",""-"",""-"",""-"",""-"",""-"",""-"",""0"",""0"",""0"",""0"",""0"",""0"",""0"",""0"",""0"",""-"""
"Cotiporã,""4305959"",""-28,998576000000"",""-51,696434000000"",""-"",""-"",""-"",""-"",""-"",""-"",""-"",""-"",""-"",""-"",""-"",""-"",""0"",""-"",""-"",""-"",""-"",""-"",""-"",""0"",""9"",""8"",""32"",""69"",""100"""
"Cruz Alta,""4306106"",""-28,642447000000"",""-53,605241000000"",""-"",""-"",""-"",""-"",""26"",""0"",""25"",""29"",""30"",""27"",""26"",""24"",""28"",""25"",""28"",""15"",""14"",""14"",""16"",""15"",""14"",""15"",""14"",""15"",""19"""
"Cruzaltense,""4306130"",""-27,664888000000"",""-52,648143000000"",""-"",""-"",""-"",""-"",""-"",""-"",""-"",""-"",""-"",""-"",""-"",""-"",""0"",""0"",""0"",""0"",""0"",""0"",""0"",""0"",""0"",""0"",""0"",""0"",""0"""
"Dois Irmãos,""4306403"",""-29,584159000000"",""-51,087619000000"",""-"",""-"",""-"",""-"",""-"",""-"",""-"",""-"",""-"",""-"",""-"",""-"",""16"",""-"",""12"",""12"",""11"",""12"",""11"",""11"",""11"",""10"",""0"",""0"",""12"""
"Dom Feliciano,""4306502"",""-30,708598000000"",""-52,103934000000"",""-"",""-"",""-"",""-"",""-"",""-"",""-"",""-"",""-"",""-"",""-"",""-"",""-"",""-"",""-"",""-"",""-"",""-"",""-"",""0"",""0"",""-"",""-"",""-"",""-"""
"Dom Pedrito,""4306601"",""-30,981267000000"",""-54,674130000000"",""-"",""-"",""-"",""-"",""0"",""0"",""0"",""0"",""17"",""24"",""26"",""24"",""25"",""21"",""23"",""41"",""13"",""22"",""18"",""18"",""17"",""16"",""14"",""9"",""9"""
"Dom Pedro de Alcântara,""4306551"",""-29,370187000000"",""-49,849550000000"",""-"",""-"",""-"",""-"",""-"",""-"",""-"",""-"",""-"",""-"",""-"",""-"",""-"",""-"",""-"",""-"",""-"",""-"",""1"",""1"",""1"",""1"",""-"",""-"",""-"""
"Dona Francisca,""4306700"",""-29,624852000000"",""-53,362333000000"",""-"",""-"",""-"",""-"",""-"",""-"",""-"",""-"",""-"",""-"",""-"",""-"",""-"",""-"",""-"",""-"",""-"",""-"",""-"",""-"",""-"",""-"",""-"",""-"",""0"""
"Doutor Ricardo,""4306759"",""-29,099031000000"",""-51,984904000000"",""-"",""-"",""-"",""-"",""-"",""-"",""-"",""-"",""-"",""-"",""-"",""-"",""7"",""7"",""7"",""7"",""7"",""6"",""6"",""5"",""4"",""4"",""4"",""4"",""4"""
"Eldorado do Sul,""4306767"",""-29,999293000000"",""-51,310419000000"",""-"",""-"",""-"",""-"",""-"",""-"",""-"",""-"",""-"",""-"",""-"",""-"",""-"",""-"",""-"",""-"",""-"",""-"",""11"",""13"",""15"",""14"",""15"",""25"",""19"""
"Encruzilhada do Sul,""4306908"",""-30,543657000000"",""-52,522045000000"",""-"",""-"",""-"",""-"",""0"",""0"",""1"",""0"",""0"",""0"",""-"",""0"",""0"",""0"",""0"",""0"",""0"",""0"",""0"",""0"",""0"",""0"",""0"",""0"",""0"""
"Erval Grande,""4307203"",""-27,393337000000"",""-52,570112000000"",""-"",""-"",""-"",""-"",""-"",""-"",""-"",""-"",""-"",""-"",""-"",""-"",""-"",""-"",""-"",""-"",""-"",""-"",""-"",""-"",""-"",""-"",""-"",""-"",""0"""
"Espumoso,""4307500"",""-28,731445000000"",""-52,841927000000"",""-"",""-"",""-"",""-"",""-"",""-"",""-"",""-"",""-"",""-"",""-"",""-"",""9"",""10"",""10"",""10"",""12"",""8"",""5"",""5"",""5"",""8"",""7"",""8"",""7"""
"Estância Velha,""4307609"",""-29,650148000000"",""-51,174294000000"",""-"",""-"",""-"",""-"",""7"",""6"",""5"",""7"",""7"",""4"",""4"",""5"",""5"",""4"",""4"",""1"",""0"",""0"",""1"",""1"",""1"",""2"",""1"",""1"",""1"""
"Esteio,""4307708"",""-29,852186000000"",""-51,143837000000"",""-"",""-"",""-"",""-"",""-2"",""7"",""7"",""7"",""7"",""7"",""7"",""6"",""6"",""6"",""6"",""4"",""3"",""3"",""2"",""3"",""3"",""3"",""5"",""20"",""36"""
"Estrela,""4307807"",""-29,503472000000"",""-51,970260000000"",""-"",""-"",""-"",""-"",""-"",""-"",""-"",""-"",""-"",""-"",""-"",""-"",""5"",""5"",""6"",""6"",""-"",""-"",""6"",""16"",""100"",""100"",""100"",""100"",""100"""
"Fagundes Varela,""4307864"",""-28,882134000000"",""-51,691449000000"",""-"",""-"",""-"",""-"",""-"",""-"",""-"",""-"",""-"",""-"",""-"",""-"",""-"",""-"",""0"",""0"",""-"",""-"",""-"",""-"",""-"",""-"",""-"",""-"",""-"""
"Faxinal do Soturno,""4308003"",""-29,574330000000"",""-53,439065000000"",""-"",""-"",""-"",""-"",""-"",""-"",""-"",""-"",""-"",""-"",""-"",""-"",""-"",""-"",""-"",""-"",""-"",""0"",""0"",""0"",""-"",""-"",""-"",""-"",""-"""
"Flores da Cunha,""4308201"",""-29,031142000000"",""-51,182221000000"",""-"",""-"",""-"",""-"",""-"",""-"",""-"",""-"",""-"",""-"",""-"",""-"",""-"",""-"",""11"",""-"",""-"",""-"",""-"",""-"",""-"",""-"",""-"",""-"",""-"""
"Floriano Peixoto,""4308250"",""-27,862509000000"",""-52,085607000000"",""-"",""-"",""-"",""-"",""-"",""-"",""-"",""-"",""-"",""-"",""-"",""22"",""22"",""-"",""-"",""-"",""-"",""-"",""-"",""-"",""-"",""-"",""-"",""-"",""-"""
"Fontoura Xavier,""4308300"",""-28,982168000000"",""-52,344953000000"",""-"",""-"",""-"",""-"",""-"",""-"",""-"",""-"",""-"",""-"",""-"",""-"",""-"",""-"",""-"",""0"",""-"",""-"",""-"",""-"",""-"",""-"",""-"",""-"",""-"""
"Frederico Westphalen,""4308508"",""-27,358882000000"",""-53,400777000000"",""-"",""-"",""-"",""-"",""-"",""-"",""-"",""-"",""-"",""-"",""-"",""-"",""0"",""-"",""0"",""-"",""-"",""-"",""-"",""-"",""-"",""2"",""2"",""2"",""-"""
"Garibaldi,""4308607"",""-29,254549000000"",""-51,529548000000"",""-"",""-"",""-"",""-"",""-"",""-"",""-"",""-"",""-"",""-"",""-"",""-"",""-"",""19"",""19"",""30"",""23"",""40"",""41"",""48"",""49"",""52"",""41"",""37"",""53"""
"Glorinha,""4309050"",""-29,877134000000"",""-50,786207000000"",""-"",""-"",""-"",""-"",""-"",""-"",""-"",""-"",""-"",""-"",""-"",""-"",""-"",""-"",""-"",""-"",""-"",""0"",""38"",""31"",""43"",""63"",""71"",""100"",""100"""
"Gramado,""4309100"",""-29,379738000000"",""-50,871946000000"",""-"",""-"",""-"",""-"",""-"",""-"",""-"",""-"",""-"",""22"",""19"",""24"",""27"",""25"",""23"",""20"",""20"",""23"",""24"",""24"",""22"",""23"",""21"",""20"",""20"""
"Gravataí,""4309209"",""-29,945519000000"",""-50,990793000000"",""-"",""-"",""-"",""-"",""18"",""34"",""38"",""49"",""48"",""38"",""33"",""39"",""51"",""41"",""47"",""14"",""16"",""16"",""14"",""16"",""17"",""17"",""15"",""13"",""16"""
"Guaíba,""4309308"",""-30,108602000000"",""-51,314684000000"",""-"",""-"",""-"",""-"",""0"",""0"",""1"",""1"",""2"",""4"",""4"",""4"",""5"",""4"",""5"",""0"",""4"",""4"",""5"",""7"",""5"",""12"",""45"",""45"",""23"""
"Guaporé,""4309407"",""-28,849134000000"",""-51,890651000000"",""-"",""-"",""-"",""-"",""-"",""-"",""-"",""-"",""-"",""-"",""-"",""0"",""-"",""-"",""-"",""-"",""-"",""-"",""16"",""16"",""16"",""0"",""0"",""0"",""0"""
"Herval,""4307104"",""-32,026744000000"",""-53,394338000000"",""-"",""-"",""-"",""-"",""-"",""-"",""-"",""-"",""-"",""-"",""-"",""-"",""-"",""-"",""-"",""-"",""-"",""0"",""0"",""0"",""0"",""0"",""0"",""0"",""0"""
"Horizontina,""4309605"",""-27,630097000000"",""-54,308792000000"",""-"",""-"",""-"",""-"",""-"",""-"",""-"",""-"",""-"",""-"",""-"",""7"",""-"",""-"",""-"",""-"",""-"",""-"",""9"",""9"",""-"",""-"",""42"",""-"",""-"""
"Hulha Negra,""4309654"",""-31,405098000000"",""-53,867825000000"",""-"",""-"",""-"",""-"",""-"",""-"",""-"",""-"",""-"",""-"",""-"",""17"",""-"",""-"",""0"",""0"",""0"",""0"",""0"",""0"",""-"",""0"",""-"",""0"",""100"""
"Igrejinha,""4310108"",""-29,572220000000"",""-50,798711000000"",""-"",""-"",""-"",""-"",""-"",""-"",""0"",""0"",""0"",""0"",""0"",""0"",""0"",""0"",""0"",""0"",""0"",""0"",""0"",""0"",""0"",""0"",""0"",""0"",""0"""
"Ijuí,""4310207"",""-28,388537000000"",""-53,918067000000"",""-"",""-"",""-"",""-"",""-"",""-"",""-"",""-"",""-"",""-"",""-"",""-"",""-"",""-"",""-"",""-"",""2"",""0"",""0"",""3"",""4"",""8"",""10"",""11"",""11"""
"Imbé,""4310330"",""-29,974778000000"",""-50,130580000000"",""-"",""-"",""-"",""-"",""-"",""-"",""-"",""-"",""-"",""-"",""-"",""-"",""-"",""-"",""-"",""-"",""0"",""0"",""0"",""0"",""0"",""0"",""0"",""0"",""0"""
"Ipê,""4310439"",""-28,818328000000"",""-51,279910000000"",""-"",""-"",""-"",""-"",""-"",""-"",""-"",""-"",""-"",""-"",""-"",""-"",""-"",""-"",""-"",""0"",""0"",""-"",""0"",""0"",""-"",""-"",""-"",""0"",""0"""
"Iraí,""4310504"",""-27,192282000000"",""-53,264296000000"",""-"",""-"",""-"",""-"",""-"",""-"",""0"",""0"",""0"",""0"",""0"",""0"",""0"",""0"",""0"",""0"",""0"",""0"",""0"",""0"",""0"",""0"",""0"",""0"",""0"""
"Itapuca,""4310579"",""-28,780296000000"",""-52,172367000000"",""-"",""-"",""-"",""-"",""-"",""-"",""-"",""-"",""-"",""-"",""-"",""-"",""-"",""0"",""0"",""0"",""0"",""0"",""0"",""0"",""-"",""-"",""-"",""-"",""-"""
"Ivorá,""4310751"",""-29,519534000000"",""-53,580886000000"",""-"",""-"",""-"",""-"",""-"",""-"",""-"",""-"",""-"",""-"",""-"",""-"",""210"",""122"",""124"",""100"",""100"",""100"",""100"",""-"",""-"",""-"",""0"",""100"",""100"""
"Ivoti,""4310801"",""-29,594157000000"",""-51,159574000000"",""-"",""-"",""-"",""-"",""-"",""-"",""-"",""-"",""-"",""-"",""-"",""-"",""-"",""-"",""-"",""-"",""-"",""-"",""-"",""-"",""9"",""9"",""16"",""15"",""8"""
"Jacutinga,""4310900"",""-27,728494000000"",""-52,543173000000"",""-"",""-"",""-"",""-"",""-"",""-"",""-"",""-"",""-"",""-"",""-"",""-"",""-"",""-"",""0"",""0"",""-"",""-"",""-"",""-"",""-"",""-"",""-"",""-"",""-"""
"Jaguarão,""4311007"",""-32,563569000000"",""-53,377523000000"",""-"",""-"",""-"",""-"",""40"",""40"",""39"",""38"",""37"",""35"",""35"",""29"",""27"",""25"",""28"",""0"",""0"",""0"",""0"",""0"",""0"",""0"",""0"",""0"",""0"""
"Jaquirana,""4311122"",""-28,880568000000"",""-50,358037000000"",""-"",""-"",""-"",""-"",""-"",""-"",""-"",""-"",""-"",""-"",""-"",""-"",""-"",""-"",""-"",""-"",""-"",""-"",""-"",""-"",""-"",""-"",""-"",""57"",""55"""
"Jóia,""4311155"",""-28,645624000000"",""-54,115965000000"",""-"",""-"",""-"",""-"",""-"",""-"",""-"",""-"",""-"",""-"",""-"",""-"",""0"",""-"",""-"",""-"",""-"",""-"",""-"",""-"",""-"",""-"",""-"",""-"",""-"""
"Lagoão,""4311254"",""-29,224316000000"",""-52,775029000000"",""-"",""-"",""-"",""-"",""-"",""-"",""-"",""-"",""-"",""-"",""-"",""-"",""0"",""0"",""0"",""0"",""0"",""0"",""0"",""-"",""-"",""-"",""0"",""-"",""0"""
"Lajeado,""4311403"",""-29,465454000000"",""-51,967828000000"",""-"",""-"",""-"",""-"",""-"",""-"",""-"",""-"",""-"",""-"",""-"",""-"",""-"",""-"",""0"",""0"",""1"",""1"",""1"",""1"",""1"",""1"",""0"",""1"",""1"""
"Lajeado do Bugre,""4311429"",""-27,690769000000"",""-53,181387000000"",""-"",""-"",""-"",""-"",""-"",""-"",""-"",""-"",""-"",""-"",""-"",""-"",""-"",""-"",""-"",""-"",""-"",""-"",""0"",""0"",""0"",""0"",""0"",""-"",""0"""
"Lindolfo Collor,""4311627"",""-29,600804000000"",""-51,208155000000"",""-"",""-"",""-"",""-"",""-"",""-"",""-"",""-"",""-"",""-"",""-"",""-"",""-"",""-"",""-"",""-"",""-"",""-"",""0"",""0"",""-"",""5"",""5"",""-"",""0"""
"Maçambará,""4311718"",""-29,146144000000"",""-56,063613000000"",""-"",""-"",""-"",""-"",""-"",""-"",""-"",""-"",""-"",""-"",""-"",""-"",""-"",""-"",""-"",""-"",""-"",""-"",""-"",""-"",""-"",""-"",""-"",""-"",""0"""
"Mampituba,""4311734"",""-29,210649000000"",""-49,936514000000"",""-"",""-"",""-"",""-"",""-"",""-"",""-"",""-"",""-"",""-"",""-"",""-"",""-"",""54"",""81"",""63"",""63"",""61"",""55"",""55"",""-"",""-"",""-"",""-"",""-"""
"Maratá,""4311791"",""-29,555323000000"",""-51,555567000000"",""-"",""-"",""-"",""-"",""-"",""-"",""-"",""-"",""-"",""-"",""-"",""-"",""-"",""-"",""-"",""-"",""-"",""-"",""-"",""-"",""-"",""0"",""10"",""12"",""14"""
"Marau,""4311809"",""-28,448454000000"",""-52,196777000000"",""-"",""-"",""-"",""-"",""-"",""-"",""-"",""-"",""-"",""-"",""-"",""-"",""-"",""-"",""-"",""-"",""-"",""-"",""100"",""66"",""65"",""100"",""100"",""100"",""86"""
"Mariana Pimentel,""4311981"",""-30,353622000000"",""-51,587343000000"",""-"",""-"",""-"",""-"",""-"",""-"",""-"",""-"",""-"",""-"",""-"",""-"",""-"",""-"",""-"",""-"",""-"",""-"",""-"",""-"",""-"",""3"",""3"",""-"",""0"""
"Mato Castelhano,""4312138"",""-28,275762000000"",""-52,197261000000"",""-"",""-"",""-"",""-"",""-"",""-"",""-"",""-"",""-"",""-"",""-"",""-"",""-"",""-"",""-"",""-"",""-"",""-"",""0"",""0"",""-"",""0"",""-"",""-"",""-"""
"Mato Leitão,""4312153"",""-29,524830000000"",""-52,133029000000"",""-"",""-"",""-"",""-"",""-"",""-"",""-"",""-"",""-"",""-"",""-"",""-"",""-"",""-"",""-"",""-"",""-"",""-"",""-"",""-"",""0"",""0"",""0"",""-"",""1"""
"Maximiliano de Almeida,""4312203"",""-27,634941000000"",""-51,801718000000"",""-"",""-"",""-"",""-"",""-"",""-"",""-"",""-"",""-"",""-"",""-"",""-"",""-"",""-"",""0"",""0"",""0"",""-"",""-"",""-"",""-"",""-"",""-"",""-"",""-"""
"Minas do Leão,""4312252"",""-30,122440000000"",""-52,051280000000"",""-"",""-"",""-"",""-"",""-"",""-"",""-"",""-"",""-"",""-"",""-"",""-"",""-"",""-"",""0"",""-"",""0"",""0"",""-"",""-"",""-"",""-"",""-"",""-"",""-"""
"Monte Alegre dos Campos,""4312377"",""-28,685072000000"",""-50,782834000000"",""-"",""-"",""-"",""-"",""-"",""-"",""-"",""-"",""-"",""-"",""-"",""-"",""-"",""-"",""0"",""0"",""0"",""-"",""-"",""0"",""0"",""0"",""0"",""0"",""0"""
"Monte Belo do Sul,""4312385"",""-29,159941000000"",""-51,631559000000"",""-"",""-"",""-"",""-"",""-"",""-"",""-"",""-"",""-"",""-"",""-"",""-"",""0"",""0"",""0"",""0"",""0"",""0"",""-"",""-"",""-"",""-"",""-"",""-"",""-"""
"Montenegro,""4312401"",""-29,688119000000"",""-51,461299000000"",""-"",""-"",""-"",""-"",""-"",""-"",""-"",""-"",""-"",""-"",""-"",""-"",""-"",""-"",""-"",""0"",""-"",""-"",""-"",""-"",""-"",""-"",""-"",""-"",""-"""
"Morrinhos do Sul,""4312443"",""-29,362964000000"",""-49,932763000000"",""-"",""-"",""-"",""-"",""-"",""-"",""-"",""-"",""-"",""-"",""-"",""-"",""-"",""7"",""8"",""8"",""-"",""-"",""0"",""0"",""12"",""7"",""-"",""-"",""-"""
"Morro Redondo,""4312450"",""-31,582203000000"",""-52,657780000000"",""-"",""-"",""-"",""-"",""-"",""-"",""-"",""-"",""-"",""-"",""-"",""-"",""0"",""-"",""0"",""0"",""0"",""0"",""-"",""-"",""-"",""-"",""-"",""-"",""-"""
"Morro Reuter,""4312476"",""-29,539342000000"",""-51,080088000000"",""-"",""-"",""-"",""-"",""-"",""-"",""-"",""-"",""-"",""-"",""-"",""-"",""-"",""-"",""-"",""-"",""-"",""0"",""0"",""-"",""-"",""-"",""-"",""-"",""-"""
"Mostardas,""4312500"",""-31,108225000000"",""-50,919159000000"",""-"",""-"",""-"",""-"",""-"",""-"",""-"",""-"",""-"",""-"",""-"",""-"",""-"",""0"",""0"",""0"",""0"",""-"",""-"",""-"",""-"",""-"",""-"",""-"",""-"""
"Muçum,""4312609"",""-29,165615000000"",""-51,866056000000"",""-"",""-"",""-"",""-"",""-"",""-"",""-"",""-"",""-"",""-"",""-"",""-"",""-"",""9"",""-"",""0"",""0"",""0"",""0"",""0"",""-"",""0"",""0"",""0"",""0"""
"Muitos Capões,""4312617"",""-28,318913000000"",""-51,184602000000"",""-"",""-"",""-"",""-"",""-"",""-"",""-"",""-"",""-"",""-"",""-"",""-"",""-"",""0"",""0"",""0"",""0"",""0"",""0"",""-"",""-"",""-"",""-"",""-"",""-"""
"Nova Hartz,""4313060"",""-29,585748000000"",""-50,903793000000"",""-"",""-"",""-"",""-"",""-"",""-"",""-"",""-"",""-"",""-"",""-"",""-"",""-"",""-"",""-"",""-"",""-"",""-"",""-"",""67"",""65"",""64"",""57"",""49"",""57"""
"Nova Pádua,""4313086"",""-29,030046000000"",""-51,306825000000"",""-"",""-"",""-"",""-"",""-"",""-"",""-"",""-"",""-"",""-"",""-"",""-"",""0"",""-"",""0"",""-"",""-"",""-"",""-"",""-"",""-"",""-"",""-"",""-"",""-"""
"Nova Palma,""4313102"",""-29,473026000000"",""-53,470635000000"",""-"",""-"",""-"",""-"",""-"",""-"",""-"",""-"",""-"",""-"",""-"",""-"",""-"",""-"",""-"",""-"",""0"",""-"",""-"",""-"",""-"",""-"",""-"",""-"",""-"""
"Novo Cabrais,""4313391"",""-29,736255000000"",""-52,955086000000"",""-"",""-"",""-"",""-"",""-"",""-"",""-"",""-"",""-"",""-"",""-"",""-"",""0"",""-"",""0"",""0"",""0"",""0"",""0"",""0"",""0"",""0"",""0"",""0"",""0"""
"Novo Hamburgo,""4313409"",""-29,686326000000"",""-51,128605000000"",""-"",""-"",""-"",""-"",""-"",""4"",""1"",""1"",""1"",""2"",""2"",""2"",""2"",""2"",""2"",""6"",""6"",""7"",""7"",""7"",""13"",""8"",""7"",""8"",""7"""
"Osório,""4313508"",""-29,892697000000"",""-50,266798000000"",""-"",""-"",""-"",""-"",""-"",""-"",""-"",""-"",""-"",""-"",""-"",""-"",""-"",""-"",""0"",""0"",""0"",""0"",""0"",""0"",""0"",""16"",""8"",""0"",""0"""
"Panambi,""4313904"",""-28,292731000000"",""-53,500265000000"",""-"",""-"",""-"",""-"",""-"",""-"",""-"",""-"",""-"",""-"",""-"",""-"",""-"",""-"",""-"",""-"",""-"",""-"",""-"",""-"",""-"",""-"",""0"",""0"",""1"""
"Pantano Grande,""4313953"",""-30,194552000000"",""-52,373900000000"",""-"",""-"",""-"",""-"",""-"",""-"",""-"",""-"",""-"",""-"",""-"",""-"",""-"",""-"",""-"",""5"",""-"",""100"",""100"",""100"",""-"",""-"",""-"",""-"",""-"""
"Parobé,""4314050"",""-29,631749000000"",""-50,834866000000"",""-"",""-"",""-"",""-"",""-"",""-"",""-"",""-"",""-"",""-"",""-"",""-"",""-"",""-"",""0"",""-"",""-"",""-"",""-"",""-"",""-"",""-"",""-"",""-"",""-"""
"Passo Fundo,""4314100"",""-28,261767000000"",""-52,407095000000"",""-"",""-"",""-"",""-"",""0"",""0"",""0"",""0"",""12"",""20"",""21"",""26"",""28"",""26"",""31"",""17"",""19"",""31"",""34"",""26"",""30"",""27"",""30"",""26"",""30"""
"Paverama,""4314159"",""-29,554856000000"",""-51,730293000000"",""-"",""-"",""-"",""-"",""-"",""-"",""-"",""-"",""-"",""-"",""-"",""-"",""-"",""-"",""0"",""-"",""-"",""-"",""-"",""-"",""-"",""-"",""-"",""-"",""-"""
"Pedras Altas,""4314175"",""-31,733637000000"",""-53,587170000000"",""-"",""-"",""-"",""-"",""-"",""-"",""-"",""-"",""-"",""-"",""-"",""-"",""-"",""-"",""0"",""-"",""-"",""-"",""-"",""-"",""-"",""-"",""-"",""-"",""-"""
"Pelotas,""4314407"",""-31,719598000000"",""-52,344320000000"",""-"",""-"",""-"",""0"",""5"",""23"",""21"",""21"",""21"",""18"",""19"",""19"",""18"",""19"",""19"",""19"",""19"",""19"",""19"",""19"",""21"",""17"",""28"",""15"",""22"""
"Pinhal,""4314456"",""-27,511674000000"",""-53,214706000000"",""-"",""-"",""-"",""-"",""-"",""-"",""-"",""-"",""-"",""-"",""-"",""-"",""22"",""23"",""17"",""17"",""17"",""16"",""17"",""17"",""17"",""18"",""18"",""18"",""18"""
"Pinhal Grande,""4314472"",""-29,335360000000"",""-53,338638000000"",""-"",""-"",""-"",""-"",""-"",""-"",""-"",""-"",""-"",""-"",""-"",""-"",""-"",""46"",""48"",""47"",""-"",""-"",""17"",""14"",""14"",""25"",""42"",""43"",""43"""
"Pinheirinho do Vale,""4314498"",""-27,209763000000"",""-53,619561000000"",""-"",""-"",""-"",""-"",""-"",""-"",""-"",""-"",""-"",""-"",""-"",""-"",""-"",""-"",""-"",""-"",""-"",""-"",""58"",""-"",""-"",""-"",""24"",""18"",""16"""
"Pinheiro Machado,""4314506"",""-31,580593000000"",""-53,384620000000"",""-"",""-"",""-"",""-"",""-"",""-"",""-"",""-"",""-"",""-"",""-"",""-"",""0"",""0"",""0"",""-"",""0"",""0"",""0"",""0"",""0"",""0"",""0"",""0"",""0"""
"Planalto,""4314704"",""-27,331464000000"",""-53,058881000000"",""-"",""-"",""-"",""-"",""-"",""-"",""-"",""-"",""-"",""-"",""-"",""-"",""-"",""-"",""-"",""-"",""-"",""-"",""-"",""-"",""-"",""-"",""-"",""0"",""0"""
"Ponte Preta,""4314787"",""-27,657040000000"",""-52,490232000000"",""-"",""-"",""-"",""-"",""-"",""-"",""-"",""-"",""-"",""-"",""-"",""-"",""0"",""0"",""0"",""0"",""0"",""0"",""-"",""-"",""-"",""-"",""-"",""-"",""-"""
"Porto Alegre,""4314902"",""-30,030037000000"",""-51,228660000000"",""-"",""26"",""3"",""9"",""13"",""17"",""16"",""17"",""14"",""17"",""16"",""17"",""16"",""16"",""16"",""16"",""28"",""52"",""54"",""50"",""49"",""52"",""52"",""53"",""55"""
"Porto Vera Cruz,""4315073"",""-27,734374000000"",""-54,899032000000"",""-"",""-"",""-"",""-"",""-"",""-"",""-"",""-"",""-"",""-"",""-"",""-"",""-"",""0"",""0"",""0"",""0"",""0"",""0"",""0"",""0"",""0"",""0"",""0"",""0"""
"Porto Xavier,""4315107"",""-27,905690000000"",""-55,139560000000"",""-"",""-"",""-"",""-"",""-"",""-"",""-"",""-"",""-"",""-"",""-"",""-"",""0"",""-"",""-"",""-"",""-"",""-"",""-"",""-"",""-"",""-"",""-"",""-"",""-"""
"Protásio Alves,""4315172"",""-28,756713000000"",""-51,473632000000"",""-"",""-"",""-"",""-"",""-"",""-"",""-"",""-"",""-"",""-"",""-"",""-"",""-"",""0"",""-"",""-"",""-"",""-"",""-"",""-"",""-"",""-"",""-"",""-"",""-"""
"Quaraí,""4315305"",""-30,382868000000"",""-56,453647000000"",""-"",""-"",""-"",""-"",""-"",""-"",""0"",""0"",""34"",""34"",""32"",""26"",""29"",""28"",""30"",""86"",""10"",""98"",""64"",""64"",""62"",""72"",""58"",""72"",""97"""
"Quatro Irmãos,""4315313"",""-27,821197000000"",""-52,442769000000"",""-"",""-"",""-"",""-"",""-"",""-"",""-"",""-"",""-"",""-"",""-"",""-"",""-"",""0"",""0"",""0"",""0"",""0"",""0"",""0"",""0"",""0"",""0"",""0"",""0"""
"Relvado,""4315453"",""-29,112279000000"",""-52,072949000000"",""-"",""-"",""-"",""-"",""-"",""-"",""-"",""-"",""-"",""-"",""-"",""0"",""-"",""-"",""-"",""-"",""-"",""-"",""-"",""-"",""-"",""-"",""-"",""-"",""-"""
"Restinga Sêca,""4315503"",""-29,813949000000"",""-53,370569000000"",""-"",""-"",""-"",""-"",""-"",""-"",""-"",""-"",""-"",""-"",""-"",""-"",""-"",""-"",""-"",""-"",""-"",""-"",""-"",""-"",""-"",""-"",""0"",""-"",""-"""
"Rio Grande,""4315602"",""-32,050446000000"",""-52,086770000000"",""-"",""-"",""-"",""-"",""18"",""16"",""35"",""50"",""46"",""41"",""37"",""46"",""36"",""46"",""40"",""18"",""24"",""30"",""31"",""30"",""31"",""28"",""25"",""27"",""31"""
"Rio Pardo,""4315701"",""-29,985626000000"",""-52,379018000000"",""-"",""-"",""-"",""-"",""-"",""-"",""-"",""-"",""-"",""-"",""-"",""-"",""-"",""-"",""-"",""0"",""-"",""0"",""-"",""-"",""-"",""-"",""-"",""-"",""-"""
"Roca Sales,""4315800"",""-29,285070000000"",""-51,863892000000"",""-"",""-"",""-"",""-"",""-"",""-"",""-"",""-"",""-"",""-"",""-"",""-"",""-"",""-"",""-"",""-"",""0"",""0"",""-"",""-"",""-"",""-"",""-"",""-"",""-"""
"Rolante,""4316006"",""-29,640763000000"",""-50,573442000000"",""-"",""-"",""-"",""-"",""-"",""-"",""-"",""-"",""-"",""-"",""-"",""-"",""-"",""0"",""0"",""0"",""-"",""-"",""-"",""-"",""-"",""-"",""-"",""-"",""-"""
"Rondinha,""4316204"",""-27,831816000000"",""-52,906160000000"",""-"",""-"",""-"",""-"",""-"",""-"",""-"",""-"",""-"",""-"",""-"",""-"",""-"",""-"",""-"",""16"",""14"",""14"",""15"",""15"",""15"",""15"",""14"",""14"",""14"""
"Rosário do Sul,""4316402"",""-30,244033000000"",""-54,945761000000"",""-"",""-"",""-"",""-"",""19"",""18"",""19"",""23"",""23"",""20"",""18"",""17"",""18"",""16"",""18"",""9"",""11"",""9"",""7"",""10"",""17"",""21"",""33"",""33"",""27"""
"Salto do Jacuí,""4316451"",""-29,088681000000"",""-53,213310000000"",""-"",""-"",""-"",""-"",""-"",""-"",""-"",""-"",""-"",""-"",""-"",""-"",""104"",""96"",""120"",""48"",""20"",""0"",""0"",""0"",""25"",""26"",""25"",""27"",""27"""
"Salvador das Missões,""4316477"",""-28,121697000000"",""-54,837742000000"",""-"",""-"",""-"",""-"",""-"",""1"",""1"",""1"",""1"",""1"",""1"",""-"",""-"",""-"",""-"",""-"",""-"",""-"",""-"",""-"",""-"",""-"",""-"",""-"",""-"""
"Santa Cruz do Sul,""4316808"",""-29,719768000000"",""-52,429929000000"",""-"",""-"",""-"",""-"",""17"",""17"",""17"",""20"",""6"",""18"",""16"",""14"",""21"",""19"",""21"",""10"",""9"",""13"",""14"",""8"",""18"",""7"",""11"",""13"",""16"""
"Santa Maria,""4316907"",""-29,685582000000"",""-53,808675000000"",""-"",""-"",""-"",""-"",""96"",""86"",""78"",""75"",""77"",""75"",""65"",""65"",""78"",""48"",""72"",""71"",""45"",""51"",""62"",""56"",""60"",""51"",""49"",""48"",""51"""
"Santa Rosa,""4317202"",""-27,866750000000"",""-54,478224000000"",""-"",""-"",""-"",""-"",""20"",""22"",""23"",""23"",""22"",""20"",""21"",""19"",""21"",""20"",""20"",""1"",""15"",""13"",""12"",""18"",""12"",""12"",""20"",""25"",""31"""
"Santa Tereza,""4317251"",""-29,171634000000"",""-51,734344000000"",""-"",""-"",""-"",""-"",""-"",""-"",""-"",""-"",""-"",""-"",""-"",""-"",""-"",""52"",""27"",""5"",""14"",""15"",""15"",""17"",""19"",""25"",""0"",""0"",""2"""
"Santa Vitória do Palmar,""4317301"",""-33,519860000000"",""-53,367006000000"",""-"",""-"",""-"",""-"",""-"",""-"",""-"",""-"",""-"",""-"",""-"",""-"",""-"",""-"",""0"",""-"",""-"",""-"",""-"",""0"",""0"",""-"",""-"",""-"",""-"""
"Santana da Boa Vista,""4317004"",""-30,874703000000"",""-53,115875000000"",""-"",""-"",""-"",""-"",""-"",""-"",""-"",""-"",""-"",""-"",""-"",""-"",""-"",""81"",""88"",""100"",""88"",""92"",""100"",""97"",""100"",""96"",""92"",""94"",""-"""
"Santana do Livramento,""4317103"",""-30,889384000000"",""-55,534814000000"",""24"",""26"",""36"",""31"",""29"",""32"",""34"",""37"",""-"",""-"",""104"",""111"",""51"",""39"",""22"",""8"",""13"",""5"",""7"",""25"",""9"",""31"",""23"",""26"",""29"""
"Santiago,""4317400"",""-29,191460000000"",""-54,869076000000"",""-"",""-"",""-"",""-"",""-"",""-"",""-"",""-"",""-"",""-"",""-"",""-"",""-"",""5"",""11"",""12"",""-"",""-"",""-"",""48"",""48"",""47"",""45"",""46"",""45"""
"Santo Ângelo,""4317509"",""-28,301938000000"",""-54,264143000000"",""-"",""-"",""-"",""-"",""11"",""11"",""12"",""11"",""11"",""10"",""9"",""9"",""16"",""19"",""20"",""0"",""12"",""31"",""31"",""37"",""32"",""41"",""35"",""35"",""36"""
"Santo Antônio da Patrulha,""4317608"",""-29,832034000000"",""-50,520986000000"",""-"",""-"",""-"",""-"",""-"",""-"",""-"",""-"",""-"",""-"",""-"",""-"",""-"",""-"",""-"",""-"",""-"",""-"",""-"",""-"",""-"",""-"",""-"",""8"",""26"""
"São Borja,""4318002"",""-28,662838000000"",""-56,001029000000"",""-"",""-"",""-"",""-"",""37"",""32"",""30"",""32"",""31"",""26"",""24"",""22"",""23"",""19"",""21"",""35"",""16"",""30"",""28"",""30"",""30"",""42"",""30"",""31"",""36"""
"São Francisco de Assis,""4318101"",""-29,552716000000"",""-55,132386000000"",""-"",""-"",""-"",""-"",""-"",""5"",""6"",""6"",""6"",""5"",""6"",""5"",""8"",""10"",""10"",""0"",""0"",""0"",""0"",""0"",""0"",""0"",""0"",""0"",""0"""
"São Gabriel,""4318309"",""-30,336760000000"",""-54,320478000000"",""-"",""-"",""-"",""-"",""20"",""18"",""17"",""18"",""18"",""16"",""13"",""12"",""16"",""13"",""-"",""17"",""16"",""21"",""20"",""20"",""20"",""19"",""18"",""21"",""22"""
"São Jerônimo,""4318408"",""-29,959439000000"",""-51,728178000000"",""-"",""-"",""-"",""-"",""-"",""-"",""-"",""-"",""-"",""-"",""-"",""-"",""-"",""-"",""-"",""-"",""-"",""-"",""-"",""-"",""-"",""-"",""-"",""-"",""8"""
"São João do Polêsine,""4318432"",""-29,614676000000"",""-53,446350000000"",""-"",""-"",""-"",""-"",""-"",""-"",""-"",""-"",""-"",""-"",""-"",""-"",""-"",""-"",""0"",""0"",""0"",""0"",""0"",""0"",""0"",""0"",""0"",""0"",""0"""
"São José do Norte,""4318507"",""-32,020609000000"",""-52,034202000000"",""-"",""-"",""-"",""-"",""-"",""-"",""-"",""-"",""-"",""-"",""-"",""-"",""-"",""-"",""-"",""-"",""-"",""-"",""-"",""-"",""-"",""-"",""-"",""7"",""3"""
"São José do Ouro,""4318606"",""-27,771255000000"",""-51,594768000000"",""-"",""-"",""-"",""-"",""-"",""-"",""-"",""-"",""-"",""-"",""-"",""-"",""-"",""-"",""-"",""-"",""-"",""-"",""0"",""-"",""-"",""-"",""-"",""-"",""-"""
"São José dos Ausentes,""4318622"",""-28,749906000000"",""-50,063613000000"",""-"",""-"",""-"",""-"",""-"",""-"",""-"",""-"",""-"",""-"",""-"",""-"",""-"",""-"",""-"",""-"",""-"",""0"",""-"",""-"",""45"",""88"",""100"",""100"",""100"""
"São Leopoldo,""4318705"",""-29,765867000000"",""-51,146235000000"",""-"",""18"",""19"",""1"",""10"",""10"",""10"",""13"",""16"",""14"",""12"",""13"",""33"",""42"",""40"",""31"",""21"",""23"",""23"",""33"",""29"",""2"",""12"",""12"",""12"""
"São Lourenço do Sul,""4318804"",""-31,364024000000"",""-51,976915000000"",""-"",""-"",""-"",""-"",""0"",""0"",""0"",""0"",""0"",""0"",""0"",""0"",""0"",""-"",""-"",""-"",""-"",""-"",""-"",""-"",""-"",""-"",""-"",""-"",""-"""
"São Luiz Gonzaga,""4318903"",""-28,406647000000"",""-54,959660000000"",""-"",""-"",""-"",""-"",""-"",""-"",""-"",""-"",""-"",""-"",""-"",""-"",""-"",""-"",""-"",""-"",""-"",""-"",""-"",""-"",""-"",""-"",""0"",""0"",""0"""
"São Marcos,""4319000"",""-28,969849000000"",""-51,066707000000"",""-"",""-"",""-"",""-"",""-"",""-"",""-"",""-"",""-"",""-"",""-"",""-"",""-"",""-"",""-"",""0"",""0"",""0"",""-"",""-"",""-"",""-"",""-"",""-"",""-"""
"São Pedro do Sul,""4319406"",""-29,617531000000"",""-54,179991000000"",""-"",""-"",""-"",""-"",""-"",""-"",""-"",""-"",""-"",""-"",""-"",""-"",""-"",""-"",""-"",""-"",""-"",""0"",""-"",""-"",""-"",""-"",""-"",""-"",""-"""
"São Sepé,""4319604"",""-30,167411000000"",""-53,569644000000"",""-"",""-"",""-"",""-"",""-"",""-"",""-"",""-"",""-"",""-"",""-"",""-"",""-"",""-"",""0"",""0"",""0"",""0"",""-"",""0"",""0"",""-"",""0"",""-"",""0"""
"São Vicente do Sul,""4319802"",""-29,692061000000"",""-54,676002000000"",""-"",""-"",""-"",""-"",""-"",""-"",""-"",""-"",""-"",""-"",""-"",""-"",""-"",""-"",""-"",""-"",""0"",""0"",""0"",""0"",""-"",""-"",""0"",""-"",""0"""
"Sapiranga,""4319901"",""-29,638554000000"",""-51,003623000000"",""-"",""-"",""-"",""-"",""-"",""-"",""-"",""-"",""-"",""-"",""-"",""-"",""-"",""-"",""-"",""-"",""-"",""-"",""0"",""0"",""0"",""0"",""0"",""0"",""2"""
"Sapucaia do Sul,""4320008"",""-29,824868000000"",""-51,151875000000"",""-"",""-"",""-"",""-"",""8"",""5"",""7"",""9"",""9"",""8"",""8"",""8"",""8"",""6"",""7"",""4"",""3"",""4"",""4"",""4"",""4"",""4"",""3"",""4"",""5"""
"Sarandi,""4320107"",""-27,943595000000"",""-52,925461000000"",""-"",""-"",""-"",""-"",""-"",""-"",""-"",""-"",""-"",""-"",""-"",""-"",""-"",""-"",""0"",""-"",""-"",""-"",""-"",""-"",""-"",""-"",""-"",""-"",""-"""
"Segredo,""4320263"",""-29,342618000000"",""-52,982074000000"",""-"",""-"",""-"",""-"",""-"",""-"",""-"",""-"",""-"",""-"",""-"",""-"",""-"",""-"",""-"",""-"",""0"",""0"",""-"",""-"",""-"",""-"",""-"",""-"",""-"""
"Tapejara,""4320909"",""-28,084171000000"",""-52,022133000000"",""-"",""-"",""-"",""-"",""-"",""-"",""-"",""-"",""-"",""-"",""-"",""-"",""-"",""-"",""-"",""-"",""-"",""-"",""-"",""0"",""0"",""0"",""0"",""0"",""0"""
"Tapera,""4321006"",""-28,624950000000"",""-52,871467000000"",""-"",""-"",""-"",""-"",""0"",""0"",""0"",""0"",""0"",""0"",""0"",""0"",""0"",""0"",""0"",""0"",""0"",""0"",""0"",""0"",""0"",""0"",""0"",""0"",""0"""
"Tapes,""4321105"",""-30,673173000000"",""-51,394499000000"",""-"",""-"",""-"",""-"",""-"",""0"",""0"",""0"",""0"",""0"",""0"",""0"",""0"",""0"",""0"",""0"",""0"",""0"",""0"",""2"",""2"",""3"",""2"",""2"",""3"""
"Torres,""4321501"",""-29,335931000000"",""-49,730404000000"",""-"",""-"",""-"",""-"",""59"",""56"",""45"",""47"",""49"",""47"",""44"",""40"",""43"",""40"",""43"",""0"",""0"",""0"",""0"",""98"",""100"",""100"",""100"",""66"",""83"""
"Tramandaí,""4321600"",""-29,987302000000"",""-50,130377000000"",""-"",""-"",""-"",""-"",""32"",""30"",""33"",""38"",""38"",""32"",""32"",""28"",""33"",""25"",""30"",""33"",""22"",""31"",""47"",""36"",""41"",""23"",""41"",""49"",""56"""
"Travesseiro,""4321626"",""-29,299086000000"",""-52,057777000000"",""-"",""-"",""-"",""-"",""-"",""-"",""-"",""-"",""-"",""-"",""-"",""-"",""-"",""0"",""3"",""3"",""18"",""-"",""-"",""-"",""-"",""-"",""-"",""-"",""-"""
"Três Forquilhas,""4321832"",""-29,538111000000"",""-50,064316000000"",""-"",""-"",""-"",""-"",""-"",""-"",""-"",""-"",""-"",""-"",""-"",""-"",""-"",""99"",""98"",""99"",""99"",""92"",""92"",""93"",""91"",""91"",""91"",""-"",""-"""
"Três Passos,""4321907"",""-27,456160000000"",""-53,929699000000"",""-"",""-"",""-"",""-"",""-"",""-"",""-"",""-"",""-"",""0"",""0"",""0"",""1"",""1"",""1"",""0"",""0"",""0"",""0"",""0"",""0"",""0"",""0"",""0"",""0"""
"Triunfo,""4322004"",""-29,945204000000"",""-51,715313000000"",""-"",""-"",""-"",""-"",""-"",""-"",""-"",""-"",""-"",""-"",""-"",""-"",""-"",""-"",""-"",""-"",""-"",""-"",""0"",""0"",""0"",""0"",""0"",""0"",""0"""
"Tunas,""4322152"",""-29,106440000000"",""-52,957013000000"",""-"",""-"",""-"",""-"",""-"",""-"",""-"",""-"",""-"",""-"",""-"",""-"",""-"",""16"",""16"",""16"",""18"",""19"",""19"",""-"",""-"",""-"",""13"",""13"",""12"""
"Tupanci do Sul,""4322186"",""-27,925711000000"",""-51,540539000000"",""-"",""-"",""-"",""-"",""-"",""-"",""-"",""-"",""-"",""-"",""-"",""-"",""-"",""-"",""-"",""-"",""0"",""-"",""-"",""-"",""-"",""-"",""-"",""-"",""-"""
"Tupandi,""4322251"",""-29,487913000000"",""-51,419825000000"",""-"",""-"",""-"",""-"",""-"",""-"",""-"",""-"",""-"",""-"",""-"",""-"",""-"",""-"",""-"",""-"",""-"",""-"",""100"",""7"",""7"",""4"",""4"",""11"",""12"""
"Ubiretama,""4322343"",""-28,043565000000"",""-54,684511000000"",""-"",""-"",""-"",""-"",""-"",""-"",""-"",""-"",""-"",""-"",""-"",""-"",""-"",""-"",""0"",""-"",""-"",""-"",""-"",""-"",""-"",""-"",""-"",""-"",""-"""
"Uruguaiana,""4322400"",""-29,759823000000"",""-57,081825000000"",""-"",""-"",""-"",""-"",""0"",""0"",""0"",""7"",""16"",""16"",""17"",""16"",""20"",""13"",""26"",""32"",""65"",""41"",""44"",""48"",""61"",""60"",""72"",""64"",""60"""
"Vacaria,""4322509"",""-28,502354000000"",""-50,936599000000"",""-"",""-"",""-"",""-"",""-"",""-"",""-"",""-"",""-"",""-"",""-"",""-"",""-"",""-"",""-"",""0"",""0"",""-"",""0"",""-"",""0"",""-"",""-"",""-"",""100"""
"Vale Verde,""4322525"",""-29,782575000000"",""-52,179722000000"",""-"",""-"",""-"",""-"",""-"",""-"",""-"",""-"",""-"",""-"",""-"",""-"",""-"",""-"",""0"",""-"",""-"",""-"",""-"",""-"",""-"",""-"",""-"",""-"",""-"""
"Vanini,""4322558"",""-28,476223000000"",""-51,844658000000"",""-"",""-"",""-"",""-"",""-"",""-"",""-"",""-"",""-"",""-"",""-"",""0"",""-"",""-"",""-"",""-"",""-"",""-"",""-"",""-"",""-"",""-"",""-"",""-"",""-"""
"Venâncio Aires,""4322608"",""-29,611653000000"",""-52,191880000000"",""-"",""-"",""-"",""-"",""-"",""-"",""-"",""-"",""-"",""-"",""-"",""-"",""-"",""-"",""-"",""-"",""-"",""-"",""-"",""-"",""-"",""0"",""0"",""6"",""11"""
"Vera Cruz,""4322707"",""-29,719858000000"",""-52,501103000000"",""0"",""0"",""-"",""-"",""-"",""0"",""0"",""0"",""0"",""0"",""0"",""0"",""0"",""0"",""0"",""0"",""0"",""3"",""4"",""4"",""4"",""5"",""5"",""5"",""5"""
"Veranópolis,""4322806"",""-28,933957000000"",""-51,552287000000"",""-"",""-"",""-"",""-"",""-"",""-"",""-"",""-"",""-"",""-"",""-"",""-"",""0"",""-"",""0"",""0"",""0"",""0"",""0"",""0"",""0"",""0"",""0"",""0"",""0"""
"Viamão,""4323002"",""-30,081897000000"",""-51,024820000000"",""-"",""-"",""-"",""-"",""0"",""0"",""0"",""0"",""0"",""-"",""0"",""0"",""0"",""0"",""0"",""0"",""0"",""0"",""1"",""1"",""1"",""1"",""1"",""1"",""2"""
"Vila Lângaro,""4323358"",""-28,107405000000"",""-52,146903000000"",""-"",""-"",""-"",""-"",""-"",""-"",""-"",""-"",""-"",""-"",""-"",""-"",""-"",""-"",""-"",""-"",""-"",""0"",""0"",""0"",""95"",""-"",""0"",""0"",""0"""
"Vila Nova do Sul,""4323457"",""-30,333959000000"",""-53,879196000000"",""-"",""-"",""-"",""-"",""-"",""-"",""-"",""-"",""-"",""-"",""-"",""-"",""-"",""-"",""-"",""-"",""-"",""-"",""-"",""-"",""0"",""0"",""0"",""0"",""0"""
"Xangri-lá,""4323804"",""-29,805378000000"",""-50,039081000000"",""-"",""-"",""-"",""-"",""-"",""-"",""-"",""13"",""-"",""15"",""10"",""9"",""0"",""10"",""14"",""8"",""0"",""0"",""0"",""2"",""32"",""34"",""32"",""30"",""22"""
